text,topic
"Researchers discovered a potential breakthrough treatment for Alzheimer's disease that targets the root causes of neurodegeneration. Clinical trials show a 40% reduction in cognitive decline among early-stage patients. The FDA is expected to fast-track approval if larger studies confirm these promising results.",Health
"The Grammy-winning artist announced a world tour that will span six continents and include over 100 shows. Ticket sales broke records with venues selling out within minutes of release. The tour celebrates the success of her latest album which topped charts in over 30 countries.",Music
"The government announced new policies regarding renewable energy subsidies yesterday, aiming to boost solar and wind power adoption. Opposition parties criticized the plan as insufficient to meet climate goals. Industry experts predict the measures will increase renewable energy capacity by 15% over the next five years.",Politics
"The stock market reached an all-time high following positive economic indicators and strong corporate earnings reports. Tech stocks led the rally with gains averaging 3.5% across the sector. Analysts remain cautiously optimistic about continued growth despite concerns about inflation.",Business
"The award-winning film director announced her next project at the festival, describing it as her most personal work to date. The production will begin filming next month with an ensemble cast of acclaimed actors. Studio executives are already generating Oscar buzz for the project based on early script reviews.",Entertainment
"The new smartphone features a revolutionary AI chip that can process complex tasks locally without sending data to the cloud. This breakthrough enables faster processing and better privacy protection for users. The company claims this will transform how we interact with mobile devices.",Technology
"A new study reveals that intermittent fasting may have significant benefits for metabolic health and longevity. Participants who restricted eating to an 8-hour window showed improvements in insulin sensitivity and inflammation markers. Researchers caution that more long-term studies are needed before making broad recommendations.",Health
"A legendary rock band reunited after a 20-year hiatus to record a new album and embark on a farewell tour. Original members expressed excitement about creating music together again despite past differences. Longtime fans are celebrating the announcement while music critics speculate about the band's enduring influence.",Music
"Voters will head to the polls next month to decide on the controversial referendum that has divided the nation. Political analysts suggest the outcome could reshape the country's international relationships for decades to come. Campaign spending has reached record levels as both sides make their final arguments.",Politics
"The merger between the two tech giants is expected to reshape the industry landscape and face intense regulatory scrutiny. Combined, the companies would control nearly 60% of the market share in their primary business segment. Consumer advocacy groups have already filed objections with antitrust authorities.",Business
"The long-awaited sequel to the popular fantasy series will be released next summer after production delays caused by the pandemic. Fans have been eagerly analyzing the recently released trailer for clues about the plot. The previous installment broke box office records and established a dedicated global fanbase.",Entertainment
"Scientists have developed a new machine learning algorithm that can predict protein folding with unprecedented accuracy. This advancement could revolutionize drug discovery and our understanding of genetic diseases. Researchers are already applying this technology to develop treatments for previously incurable conditions.",Technology
"Medical researchers developed a revolutionary gene therapy that successfully treats previously incurable genetic disorders. The treatment uses modified viruses to deliver corrective genes directly to affected cells. Early patient trials show remarkable improvement with minimal side effects.",Health
"The classical music festival featured world-renowned orchestras performing pieces by contemporary composers alongside traditional masterworks. Attendance exceeded expectations with music enthusiasts traveling from around the globe. Critics praised the innovative programming that bridged classical and modern musical traditions.",Music
"The president signed a landmark infrastructure bill that allocates billions for road repairs, bridge construction, and broadband expansion. Congressional leaders from both parties praised the bipartisan effort to modernize the nation's aging infrastructure. Construction projects are expected to begin within six months.",Politics
"Cryptocurrency markets experienced unprecedented volatility as institutional investors began massive selloffs. Bitcoin and Ethereum prices dropped by more than 15% in a single trading session. Financial experts debate whether this represents a market correction or the beginning of a prolonged downturn.",Business
"Netflix announced a major expansion of its original content library with over fifty new series planned for next year. The streaming giant is investing heavily in international productions to compete with rivals. Industry analysts predict this strategy could reshape the global entertainment landscape.",Entertainment
"The latest software update brings significant improvements to battery life and performance optimization. Users report up to 30% longer battery life and faster app loading times. The update also includes enhanced security features and improved user interface design.",Technology
"A groundbreaking study links regular exercise to enhanced cognitive function and reduced risk of dementia. Participants who exercised regularly showed increased brain volume and improved memory performance. The research suggests that physical activity may be the most effective prevention strategy for age-related cognitive decline.",Health
"A breakthrough streaming algorithm is revolutionizing how people discover new music by analyzing listening patterns and emotional responses. The technology can predict musical preferences with 95% accuracy and introduce users to artists they might never have found otherwise. Music industry executives are closely monitoring adoption rates.",Music
"International trade negotiations reached a critical juncture as diplomats work to resolve ongoing tariff disputes. Economic analysts warn that failure to reach an agreement could trigger a global recession. Stock markets worldwide are closely monitoring the talks for signs of progress.",Politics
"Small businesses report record growth following the implementation of new tax incentives and reduced regulatory burdens. Restaurant and retail sectors show the strongest recovery with employment levels exceeding pre-pandemic numbers. Economic indicators suggest sustained growth momentum for the remainder of the year.",Business
"The popular television series concluded its ten-year run with a controversial finale that divided fans and critics. Social media erupted with debates about character development and plot resolution. Despite mixed reactions, the show's cultural impact and viewership records remain undisputed.",Entertainment
"Quantum computing researchers achieved a major breakthrough by successfully demonstrating quantum supremacy in solving complex mathematical problems. The quantum processor completed calculations that would take traditional computers thousands of years to finish. This development could revolutionize cryptography and scientific modeling.",Technology
"Scientists identified a new class of antibiotics that effectively targets drug-resistant bacteria. Laboratory tests show the compounds can eliminate superbugs that have proven resistant to all existing treatments. Clinical trials are scheduled to begin next year pending regulatory approval.",Health
"The annual music awards ceremony celebrated diversity and innovation with performances spanning multiple genres and generations. Hip-hop artists dominated the nominations while country and electronic music saw significant representation. The event highlighted music's power to unite communities and drive social change.",Music
"Local election results show a significant shift in voter preferences, with younger candidates winning key positions. Exit polls indicate that climate change and economic inequality were the top concerns for voters. Political scientists suggest this trend could reshape party platforms nationwide.",Politics
"The Federal Reserve announced an unexpected interest rate adjustment in response to changing inflation patterns. Banking stocks immediately responded with significant price movements as investors reassessed lending profitability. Consumer loan rates are expected to adjust within the next few weeks.",Business
"A major gaming studio revealed its most ambitious project yet, featuring cutting-edge graphics and innovative gameplay mechanics. Pre-orders have already exceeded expectations with over two million copies sold before release. Industry experts predict the game will set new standards for the action-adventure genre.",Entertainment
"Artificial intelligence systems are now being deployed in autonomous vehicles with remarkable success rates. The self-driving cars have logged over a million miles with zero accidents in controlled testing environments. Regulatory approval for public road testing is expected within the next year.",Technology
"Vaccination campaigns achieve remarkable success in reducing infectious disease rates across multiple demographics. Public health officials report significant decreases in hospitalizations and mortality from preventable illnesses. Medical experts emphasize the importance of maintaining high immunization coverage to protect vulnerable populations.",Health
"Recording studios report increased demand as independent musicians produce albums without major label support. Digital audio workstations enable artists to create professional-quality recordings from home environments. Music producers adapt their techniques to accommodate remote collaboration between performers.",Music
"Congressional committees launch investigations into alleged corruption within government agencies. Lawmakers demand transparency and accountability from federal officials regarding questionable spending practices. The scandal threatens to undermine public trust in democratic institutions.",Politics
"E-commerce platforms experience explosive growth as consumers increasingly prefer online shopping to traditional retail. Digital payment systems process record transaction volumes while delivery services expand their networks. Brick-and-mortar stores adapt by integrating online and offline shopping experiences.",Business
"Broadway theaters reopen with spectacular productions featuring world-class performers and elaborate stage designs. Ticket sales surge as audiences return to live entertainment after extended closures. Theater critics praise the creativity and resilience of performers who adapted to challenging circumstances.",Entertainment
"Tech giants are investing billions in virtual reality platforms that promise to transform social interaction and remote work. Users can now attend meetings, socialize, and collaborate in immersive 3D environments that feel remarkably realistic. Industry analysts predict VR adoption will accelerate rapidly over the next decade.",Technology
"Mental health awareness initiatives expand access to counseling and psychiatric services in underserved communities. Healthcare providers implement innovative telemedicine programs to reach patients in remote areas. Studies show early intervention significantly improves treatment outcomes for depression and anxiety disorders.",Health
"Concert venues implement new safety protocols to protect audiences and performers during live musical events. Sound engineers upgrade audio systems to deliver exceptional acoustics while maintaining social distancing requirements. Venue operators collaborate with health officials to ensure safe entertainment experiences.",Music
"Diplomatic tensions escalate as nations disagree on international trade agreements and border security measures. Foreign ministers meet for emergency talks to prevent the situation from deteriorating further. Peace negotiations remain fragile as both sides maintain hardline positions.",Politics
"Energy companies pivot toward renewable sources as investors demand sustainable business practices. Solar and wind projects attract billions in funding while fossil fuel investments decline. Corporate sustainability reports show significant progress in reducing carbon emissions across industries.",Business
"Celebrity couples dominate entertainment headlines with high-profile weddings, divorces, and relationship announcements. Social media followers track every development in the personal lives of their favorite stars. Gossip magazines and websites report record engagement with celebrity news content.",Entertainment
"Cybersecurity experts warn of a new sophisticated malware strain targeting financial institutions worldwide. The malicious software uses advanced encryption techniques to avoid detection by traditional antivirus programs. Security firms are working around the clock to develop countermeasures and protect critical infrastructure.",Technology
"Nutrition researchers publish findings on the relationship between diet and chronic disease prevention. Mediterranean-style eating patterns demonstrate clear benefits for cardiovascular health and diabetes management. Dietitians recommend increasing consumption of fruits, vegetables, and whole grains while reducing processed foods.",Health
"Music therapy programs demonstrate significant benefits for patients recovering from trauma and mental health challenges. Licensed therapists use singing, playing instruments, and listening exercises to promote healing and emotional expression. Healthcare facilities integrate musical interventions into comprehensive treatment plans.",Music
"Municipal governments face budget crises as tax revenues decline and public service costs continue rising. City councils debate whether to increase taxes or reduce essential services like education and healthcare. Citizens organize protests demanding better fiscal management from elected officials.",Politics
"Supply chain disruptions force manufacturers to diversify their sourcing strategies and build more resilient operations. Companies invest in inventory management systems and alternative shipping routes to avoid future bottlenecks. Business leaders emphasize the importance of flexibility in global commerce.",Business
"Film festivals showcase independent movies from emerging directors who explore innovative storytelling techniques. Critics discover hidden gems among submissions while distributors compete for acquisition rights. Documentary filmmakers address pressing social issues through compelling visual narratives.",Entertainment
"The launch of next-generation wireless networks promises unprecedented speed and connectivity for mobile devices. Early tests show data transfer rates up to 100 times faster than current technology. Telecommunications companies are racing to deploy the infrastructure needed to support these advanced networks.",Technology
"Cancer treatment advances include personalized therapies that target specific genetic mutations in tumor cells. Oncologists report improved survival rates and reduced side effects with these precision medicine approaches. Pharmaceutical companies invest heavily in developing next-generation immunotherapy drugs.",Health
"Vinyl record sales surge as collectors rediscover the warmth and authenticity of analog audio formats. Independent record stores expand their inventories to meet growing demand from audiophiles and casual listeners. Musicians release special edition pressings that become valuable collectibles.",Music
"Immigration reform becomes a central issue in upcoming elections as candidates propose different approaches to border control. Some advocate for stricter enforcement while others support pathways to citizenship for undocumented residents. Advocacy groups on both sides mobilize voters around these contentious policies.",Politics
"Startup funding reaches new heights as venture capital firms invest heavily in innovative technology companies. Entrepreneurs develop solutions for emerging markets including artificial intelligence, biotechnology, and clean energy. Angel investors provide crucial early-stage support for promising business ventures.",Business
"Theme parks introduce new attractions combining virtual reality with traditional roller coaster thrills. Visitors experience immersive adventures that transport them to fantastical worlds and exciting scenarios. Park operators invest millions in cutting-edge technology to attract modern audiences.",Entertainment
"Breakthrough research in nanotechnology enables the creation of materials stronger than steel but lighter than aluminum. These revolutionary substances could transform aerospace engineering, medical devices, and consumer electronics. Manufacturing companies are already exploring commercial applications for these innovative materials.",Technology
"Sleep medicine specialists discover new connections between rest quality and immune system function. Patients with consistent sleep schedules show better resistance to viral infections and faster recovery times. Healthcare providers emphasize sleep hygiene as a fundamental component of wellness programs.",Health
"Symphony orchestras commission new compositions from diverse composers who represent different cultural backgrounds and musical traditions. Concert programmers balance familiar classics with contemporary works that reflect modern experiences. Music education programs introduce students to various genres and instruments.",Music
"Healthcare legislation faces fierce opposition in parliament as representatives debate the merits of universal coverage. Medical professionals and insurance companies lobby heavily to influence the final bill. Patient advocacy groups organize rallies demanding affordable access to essential treatments.",Politics
"Real estate markets show mixed signals with residential prices rising while commercial properties face uncertainty. Remote work trends reduce demand for office space but increase interest in suburban housing. Property developers adjust their strategies to accommodate changing lifestyle preferences.",Business
"Comedy clubs feature rising stand-up performers who tackle contemporary issues with humor and insight. Audiences appreciate fresh perspectives on politics, relationships, and daily life challenges. Streaming platforms scout for promising comedians to feature in their original programming.",Entertainment
"Cloud computing services experience record growth as businesses migrate their operations to remote infrastructure. Companies report significant cost savings and improved scalability after moving to cloud-based systems. Service providers are expanding data centers globally to meet unprecedented demand.",Technology
"Pediatric medicine makes significant strides in treating rare childhood diseases through innovative surgical techniques. Children's hospitals collaborate on complex cases to share expertise and improve patient outcomes. Medical technology advances enable less invasive procedures with shorter recovery periods.",Health
"Music festivals adapt to changing audience preferences by featuring eclectic lineups that span multiple genres and generations. Organizers create immersive experiences that combine live performances with art installations and food vendors. Attendees travel internationally to participate in unique cultural celebrations.",Music
"Environmental regulations spark heated debates between industry leaders and conservation groups. Manufacturing companies argue that new standards will harm economic growth and job creation. Environmental activists counter that protecting natural resources is essential for future generations.",Politics
"Labor markets tighten as unemployment rates fall and workers demand higher wages and better benefits. Companies compete aggressively for skilled talent while implementing retention strategies and workplace improvements. Human resources departments adapt to new expectations around work-life balance.",Business
"Book publishers celebrate bestselling authors who capture readers' imaginations with captivating stories and memorable characters. Literary critics analyze trends in fiction and non-fiction while libraries expand their collections. Reading groups discuss popular titles and share recommendations across social networks.",Entertainment
"Robotics engineers develop autonomous systems capable of performing complex manufacturing tasks with human-level precision. These advanced machines can adapt to changing production requirements without reprogramming. Factory owners expect significant improvements in efficiency and product quality.",Technology
"Public health campaigns focus on preventing obesity through community-based exercise and nutrition programs. Local governments partner with schools and workplaces to promote healthier lifestyle choices. Epidemiologists track progress in reducing obesity-related diseases like diabetes and heart disease.",Health
"Sound engineers develop innovative recording techniques that capture the nuances of musical performances with unprecedented clarity. Studio equipment manufacturers introduce advanced tools that enable artists to achieve their creative visions. Audio professionals share knowledge through workshops and educational programs.",Music
"Campaign finance reforms aim to limit the influence of wealthy donors on political candidates and election outcomes. Ethics committees propose stricter disclosure requirements and spending limits for political advertising. Critics argue these measures threaten free speech and democratic participation.",Politics
"International trade volumes recover as global shipping networks stabilize after years of disruption. Export-oriented businesses expand into new markets while importers diversify their supplier bases. Trade agreements facilitate commerce between nations seeking economic cooperation.",Business
"Art galleries exhibit contemporary works that challenge traditional notions of beauty and artistic expression. Collectors compete for pieces by promising artists whose values appreciate rapidly in secondary markets. Museums organize retrospectives that educate visitors about historical and cultural movements.",Entertainment
"Software developers create innovative applications using artificial intelligence to automate routine business processes. These smart programs can handle customer service inquiries, process invoices, and manage inventory with minimal human oversight. Companies implementing these solutions report dramatic productivity improvements.",Technology
